<?xml version="1.0" encoding="UTF-8"?>
<project basedir=".." name="jpf-core-IDE">

    <property file="${user.home}/.jpf/site.properties"/>
    <property file="${jpf-core}/jpf.properties"/>

    <path id="base.path">
        <pathelement location="build/main"/>
        <pathelement location="build/peers"/>
        <pathelement location="build/annotations"/>

        <fileset dir=".">
            <include name="lib/*.jar"/>
        </fileset>

        <!-- add in what we need from the core -->
        <pathelement path="${jpf-core.native_classpath}"/>

    </path>

    <sourcepath id="source.path">
      <pathelement location="src/main"/>
      <!-- we don't have these
      <pathelement location="src/peers"/>
      -->
      <pathelement path="${jpf-core}/src/main;${jpf-core}/src/peers"/>
    </sourcepath>


    <!-- TODO: do we really have to duplicate this for each container dir? -->
    <!-- TODO: !!! automatic recompile doesn't work, this is a NetBeans/Ant problem !!! -->

    <!-- (more info: http://www.netbeans.org/kb/articles/freeform-config.html#runsingle) -->

    <target name="test-project">
        <!-- we need to set the formatter 'usefile' attribute
             or the NB test runner will not show any tests -->
        <property name="junit.usefile" value="false"/>
        <ant antfile="build.xml" inheritall="true" target="test"/>
    </target>

    <!-- 'example' targets -->
    <target name="run-selected-example">
        <fail unless="run.class">Must set property 'run.class'</fail>
        <ant antfile="build.xml" inheritall="false" target="compile"/>
        <input message="please enter arguments" addproperty="arg.input"/>
        <java classname="${run.class}" failonerror="true" fork="true">
            <classpath>
                <pathelement location="build/examples"/>
                <path refid="base.path"/>
            </classpath>
            <arg line="${arg.input}"/>
        </java>
    </target>

    <target name="debug-selected-example">
        <fail unless="debug.class">Must set property 'debug.class'</fail>
        <ant antfile="build.xml" inheritall="false" target="compile"/>

        <path id="cp.examples">
           <pathelement location="build/examples"/>
           <path refid="base.path"/>
        </path>
        <sourcepath id="sp.examples">
           <pathelement location="src/examples"/>
           <path refid="source.path"/>
        </sourcepath>

        <nbjpdastart addressproperty="jpda.address" name="${debug.class}" transport="dt_socket">
            <classpath refid="cp.examples"/>
            <sourcepath refid="sp.examples"/>
        </nbjpdastart>

        <input message="please enter arguments" addproperty="arg.input"/>

        <java classname="${debug.class}" fork="true">
            <classpath refid="cp.examples"/>
            <jvmarg value="-Xdebug"/>
            <jvmarg value="-Xrunjdwp:transport=dt_socket,address=${jpda.address}"/>
            <arg line="${arg.input}"/>
        </java>
    </target>

    <target name="run-selected-example-jpf">
        <fail unless="jpf.config">Must set property 'jpf.config'</fail>
        <ant antfile="build.xml" inheritall="false" target="compile"/>

        <java classname="gov.nasa.jpf.JPF" failonerror="true" fork="true">
            <arg value="${jpf.config}"/>
            <classpath>
                <pathelement location="build/examples"/>
                <path refid="base.path"/>
            </classpath>
        </java>
    </target>

    <target name="debug-selected-example-jpf">
        <fail unless="jpf.config">Must set property 'jpf.config'</fail>
        <ant antfile="build.xml" inheritall="false" target="compile"/>

        <nbjpdastart addressproperty="jpda.address" name="${jpf.config}" transport="dt_socket">
            <classpath refid="base.path"/>
            <sourcepath>
              <pathelement location="src/examples"/>
              <path refid="source.path"/>
            </sourcepath>
        </nbjpdastart>

        <java classname="gov.nasa.jpf.JPF" fork="true">
            <classpath refid="base.path"/>
            <jvmarg value="-Xdebug"/>
            <jvmarg value="-Xrunjdwp:transport=dt_socket,address=${jpda.address}"/>
            <arg value="${jpf.config}"/>
        </java>
    </target>


    <!-- 'test' targets -->
    <target name="run-selected-test">
        <fail unless="run.class">Must set property 'run.class'</fail>
        <ant antfile="build.xml" inheritall="false" target="compile"/>
        <input message="please enter arguments" addproperty="arg.input"/>
        <java classname="${run.class}" failonerror="true" fork="true">
            <classpath>
                <pathelement location="build/tests"/>
                <path refid="base.path"/>
            </classpath>
            <arg line="${arg.input}"/>
        </java>
    </target>

    <target name="debug-selected-test">
        <fail unless="debug.class">Must set property 'debug.class'</fail>
        <ant antfile="build.xml" inheritall="false" target="compile"/>

        <path id="cp.tests">
           <pathelement location="build/tests"/>
           <path refid="base.path"/>
        </path>
        <sourcepath id="sp.tests">
           <pathelement location="src/tests"/>
           <path refid="source.path"/>
        </sourcepath>

        <nbjpdastart addressproperty="jpda.address" name="${debug.class}" transport="dt_socket">
            <classpath refid="cp.tests"/>
            <sourcepath refid="sp.tests"/>
        </nbjpdastart>

        <input message="please enter arguments" addproperty="arg.input"/>

        <java classname="${debug.class}" fork="true">
            <classpath refid="cp.tests"/>
            <jvmarg value="-ea"/>
            <jvmarg value="-Xdebug"/>
            <jvmarg value="-Xrunjdwp:transport=dt_socket,address=${jpda.address}"/>
            <arg line="${arg.input}"/>
        </java>
    </target>
    
    <target name="run-selected-test-jpf">
        <fail unless="jpf.config">Must set property 'jpf.config'</fail>
        <ant antfile="build.xml" inheritall="false" target="compile"/>
        <java classname="gov.nasa.jpf.JPF" failonerror="true" fork="true">
            <arg value="${jpf.config}"/>
            <classpath refid="base.path"/>
        </java>
    </target>

    <target  name="debug-selected-test-jpf">
        <fail unless="jpf.config">Must set property 'jpf.config'</fail>
        <ant antfile="build.xml" inheritall="false" target="compile"/>

        <path id="cp.tests">
           <pathelement location="build/tests"/>
           <path refid="base.path"/>
        </path>
        <sourcepath id="sp.tests">
           <pathelement location="src/tests"/>
           <path refid="source.path"/>
        </sourcepath>

        <nbjpdastart addressproperty="jpda.address" name="${jpf.config}" transport="dt_socket">
            <classpath refid="cp.tests"/>
            <sourcepath refid="sp.tests"/>
        </nbjpdastart>

        <java classname="gov.nasa.jpf.JPF" fork="true">
            <classpath refid="cp.tests"/>
            <jvmarg value="-Xdebug"/>
            <jvmarg value="-Xrunjdwp:transport=dt_socket,address=${jpda.address}"/>
            <arg value="${jpf.config}"/>
        </java>
    </target>

</project>
